StudentID,Representative,TeamCode,TeamName,UpgradeM2,Status
"57946830","EGSS-ashraqatal","ME-EGSS01","ME-EGSS01小组",0,"Pending Target"
"58151985","EGSS-ashraqatal","ME-EGSS01","ME-EGSS01小组",0,"Pending Target"
"58234347","EGSS-negma","ME-EGSS01","ME-EGSS01小组",0,"Pending Target"
"58553122","EGSS-juliamonir01","ME-EGSS01","ME-EGSS01小组",0,"Pending Target"
"58663550","EGSS-mahmoud04","ME-EGSS01","ME-EGSS01小组",0,"Pending Target"
"58677569","EGSS-mahmoud04","ME-EGSS01","ME-EGSS01小组",0,"Pending Target"
"58739262","EGSS-negma","ME-EGSS01","ME-EGSS01小组",0,"Pending Target"
"58824521","EGSS-juliamonir01","ME-EGSS01","ME-EGSS01小组",0,"Pending Target"
"58884682","EGSS-negma","ME-EGSS01","ME-EGSS01小组",0,"Pending Target"
"58905299","EGSS-nohayoussry","ME-EGSS01","ME-EGSS01小组",0,"Pending Target"
"59089760","EGSS-nohayoussry","ME-EGSS01","ME-EGSS01小组",0,"Pending Target"
"59228774","EGSS-nohayoussry","ME-EGSS01","ME-EGSS01小组",0,"Pending Target"
"59432593","EGSS-mahmoud04","ME-EGSS01","ME-EGSS01小组",0,"Pending Target"
"60398235","EGSS-mahmoud04","ME-EGSS01","ME-EGSS01小组",0,"Pending Target"
"60413417","EGSS-juliamonir01","ME-EGSS01","ME-EGSS01小组",0,"Pending Target"
"60623669","EGSS-mahmoud04","ME-EGSS01","ME-EGSS01小组",0,"Pending Target"
"60708375","EGSS-juliamonir01","ME-EGSS01","ME-EGSS01小组",0,"Pending Target"
"60854816","EGSS-ashraqatal","ME-EGSS01","ME-EGSS01小组",0,"Pending Target"
"60907447","EGSS-juliamonir01","ME-EGSS01","ME-EGSS01小组",0,"Pending Target"
"60918434","EGSS-negma","ME-EGSS01","ME-EGSS01小组",0,"Pending Target"
"60971687","EGSS-ashraqatal","ME-EGSS01","ME-EGSS01小组",0,"Pending Target"
"61001561","EGSS-nohayoussry","ME-EGSS01","ME-EGSS01小组",0,"Pending Target"
"61010950","EGSS-nohayoussry","ME-EGSS01","ME-EGSS01小组",0,"Pending Target"
"61048101","EGSS-nohayoussry","ME-EGSS01","ME-EGSS01小组",0,"Pending Target"
"61197401","EGSS-mahmoud04","ME-EGSS01","ME-EGSS01小组",0,"Pending Target"
"61521036","EGSS-negma","ME-EGSS01","ME-EGSS01小组",0,"Pending Target"
"61873472","EGSS-nohayoussry","ME-EGSS01","ME-EGSS01小组",0,"Pending Target"
"61968742","EGSS-ashraqatal","ME-EGSS01","ME-EGSS01小组",0,"Pending Target"
"62073923","EGSS-nohayoussry","ME-EGSS01","ME-EGSS01小组",0,"Pending Target"
"62274364","EGSS-mahmoud04","ME-EGSS01","ME-EGSS01小组",0,"Pending Target"
"62534411","EGSS-mahmoud04","ME-EGSS01","ME-EGSS01小组",0,"Pending Target"
"62630222","EGSS-mahmoud04","ME-EGSS01","ME-EGSS01小组",0,"Pending Target"
"62789240","EGSS-nohayoussry","ME-EGSS01","ME-EGSS01小组",0,"Pending Target"
"62807154","EGSS-negma","ME-EGSS01","ME-EGSS01小组",0,"Pending Target"
"62969723","EGSS-ashraqatal","ME-EGSS01","ME-EGSS01小组",0,"Pending Target"
"63024656","EGSS-mahmoud04","ME-EGSS01","ME-EGSS01小组",0,"Pending Target"
"63198055","EGSS-nohayoussry","ME-EGSS01","ME-EGSS01小组",0,"Pending Target"
"63258074","EGSS-ashraqatal","ME-EGSS01","ME-EGSS01小组",0,"Pending Target"
"63451699","EGSS-nohayoussry","ME-EGSS01","ME-EGSS01小组",0,"Pending Target"
"63539937","EGSS-juliamonir01","ME-EGSS01","ME-EGSS01小组",0,"Pending Target"
"63551578","EGSS-ashraqatal","ME-EGSS01","ME-EGSS01小组",0,"Pending Target"
"63552883","EGSS-negma","ME-EGSS01","ME-EGSS01小组",0,"Pending Target"
"63556914","EGSS-ashraqatal","ME-EGSS01","ME-EGSS01小组",0,"Pending Target"
"63605182","EGSS-ashraqatal","ME-EGSS01","ME-EGSS01小组",0,"Pending Target"
"63651640","EGSS-ashraqatal","ME-EGSS01","ME-EGSS01小组",0,"Pending Target"
"63789958","EGSS-nohayoussry","ME-EGSS01","ME-EGSS01小组",0,"Pending Target"
"63803791","EGSS-mahmoud04","ME-EGSS01","ME-EGSS01小组",0,"Pending Target"
"63838029","EGSS-nohayoussry","ME-EGSS01","ME-EGSS01小组",0,"Pending Target"
"63859196","EGSS-juliamonir01","ME-EGSS01","ME-EGSS01小组",0,"Pending Target"
"63903331","EGSS-negma","ME-EGSS01","ME-EGSS01小组",0,"Pending Target"
"63910713","EGSS-juliamonir01","ME-EGSS01","ME-EGSS01小组",0,"Pending Target"
"63913249","EGSS-negma","ME-EGSS01","ME-EGSS01小组",0,"Pending Target"
"63914231","EGSS-ashraqatal","ME-EGSS01","ME-EGSS01小组",0,"Pending Target"
"63916027","EGSS-negma","ME-EGSS01","ME-EGSS01小组",0,"Pending Target"
"63920015","EGSS-nohayoussry","ME-EGSS01","ME-EGSS01小组",0,"Pending Target"
"63923125","EGSS-nohayoussry","ME-EGSS01","ME-EGSS01小组",0,"Pending Target"
"63927579","EGSS-mahmoud04","ME-EGSS01","ME-EGSS01小组",0,"Pending Target"
"63929460","EGSS-mahmoud04","ME-EGSS01","ME-EGSS01小组",0,"Pending Target"
"63935986","EGSS-negma","ME-EGSS01","ME-EGSS01小组",0,"Pending Target"
"63937989","EGSS-juliamonir01","ME-EGSS01","ME-EGSS01小组",0,"Pending Target"
"63945934","EGSS-juliamonir01","ME-EGSS01","ME-EGSS01小组",0,"Pending Target"
"63946961","EGSS-negma","ME-EGSS01","ME-EGSS01小组",0,"Pending Target"
"63948152","EGSS-nohayoussry","ME-EGSS01","ME-EGSS01小组",0,"Pending Target"
"63956684","EGSS-juliamonir01","ME-EGSS01","ME-EGSS01小组",0,"Pending Target"
"63961098","EGSS-mahmoud04","ME-EGSS01","ME-EGSS01小组",0,"Pending Target"
"63961477","EGSS-mahmoud04","ME-EGSS01","ME-EGSS01小组",0,"Pending Target"
"63967196","EGSS-ashraqatal","ME-EGSS01","ME-EGSS01小组",0,"Pending Target"
"63970152","EGSS-nohayoussry","ME-EGSS01","ME-EGSS01小组",0,"Pending Target"
"63970734","EGSS-ashraqatal","ME-EGSS01","ME-EGSS01小组",0,"Pending Target"
"63973446","EGSS-juliamonir01","ME-EGSS01","ME-EGSS01小组",0,"Pending Target"
"63977089","EGSS-negma","ME-EGSS01","ME-EGSS01小组",0,"Pending Target"
"63984474","EGSS-negma","ME-EGSS01","ME-EGSS01小组",0,"Pending Target"
"63987019","EGSS-mahmoud04","ME-EGSS01","ME-EGSS01小组",0,"Pending Target"
"63989520","EGSS-ashraqatal","ME-EGSS01","ME-EGSS01小组",0,"Pending Target"
"63994116","EGSS-mahmoud04","ME-EGSS01","ME-EGSS01小组",1,"Upgraded (M2 Closed)"
"63994130","EGSS-mahmoud04","ME-EGSS01","ME-EGSS01小组",1,"Upgraded (M2 Closed)"
"63994914","EGSS-negma","ME-EGSS01","ME-EGSS01小组",0,"Pending Target"
"63994975","EGSS-juliamonir01","ME-EGSS01","ME-EGSS01小组",0,"Pending Target"
"63996370","EGSS-ashraqatal","ME-EGSS01","ME-EGSS01小组",0,"Pending Target"
"63996465","EGSS-nohayoussry","ME-EGSS01","ME-EGSS01小组",0,"Pending Target"
"63996839","EGSS-juliamonir01","ME-EGSS01","ME-EGSS01小组",0,"Pending Target"
"63997297","EGSS-nohayoussry","ME-EGSS01","ME-EGSS01小组",0,"Pending Target"
"63997596","EGSS-nohayoussry","ME-EGSS01","ME-EGSS01小组",0,"Pending Target"
"63997719","EGSS-negma","ME-EGSS01","ME-EGSS01小组",0,"Pending Target"
"63998215","EGSS-nohayoussry","ME-EGSS01","ME-EGSS01小组",0,"Pending Target"
"63998840","EGSS-negma","ME-EGSS01","ME-EGSS01小组",0,"Pending Target"
"64007331","EGSS-juliamonir01","ME-EGSS01","ME-EGSS01小组",0,"Pending Target"
"64031624","EGSS-ashraqatal","ME-EGSS01","ME-EGSS01小组",0,"Pending Target"
"64039636","EGSS-mahmoud04","ME-EGSS01","ME-EGSS01小组",0,"Pending Target"
"64046700","EGSS-ashraqatal","ME-EGSS01","ME-EGSS01小组",0,"Pending Target"
"64050275","EGSS-mahmoud04","ME-EGSS01","ME-EGSS01小组",0,"Pending Target"
"64051178","EGSS-mahmoud04","ME-EGSS01","ME-EGSS01小组",0,"Pending Target"
"64051636","EGSS-nohayoussry","ME-EGSS01","ME-EGSS01小组",0,"Pending Target"
"64051649","EGSS-mahmoud04","ME-EGSS01","ME-EGSS01小组",0,"Pending Target"
"64053357","EGSS-nohayoussry","ME-EGSS01","ME-EGSS01小组",0,"Pending Target"
"64058388","EGSS-mahmoud04","ME-EGSS01","ME-EGSS01小组",0,"Pending Target"
"64059123","EGSS-negma","ME-EGSS01","ME-EGSS01小组",0,"Pending Target"
"64061011","EGSS-juliamonir01","ME-EGSS01","ME-EGSS01小组",0,"Pending Target"
"64061782","EGSS-ashraqatal","ME-EGSS01","ME-EGSS01小组",0,"Pending Target"
"64062042","EGSS-negma","ME-EGSS01","ME-EGSS01小组",0,"Pending Target"
"64066115","EGSS-negma","ME-EGSS01","ME-EGSS01小组",0,"Pending Target"
"64067318","EGSS-mahmoud04","ME-EGSS01","ME-EGSS01小组",0,"Pending Target"
"64069680","EGSS-negma","ME-EGSS01","ME-EGSS01小组",0,"Pending Target"
"64070142","EGSS-negma","ME-EGSS01","ME-EGSS01小组",0,"Pending Target"
"64070144","EGSS-negma","ME-EGSS01","ME-EGSS01小组",0,"Pending Target"
"64095288","EGSS-negma","ME-EGSS01","ME-EGSS01小组",0,"Pending Target"
"64104147","EGSS-nohayoussry","ME-EGSS01","ME-EGSS01小组",0,"Pending Target"
"64105028","EGSS-negma","ME-EGSS01","ME-EGSS01小组",0,"Pending Target"
"64112159","EGSS-mahmoud04","ME-EGSS01","ME-EGSS01小组",0,"Pending Target"
"64113072","EGSS-ashraqatal","ME-EGSS01","ME-EGSS01小组",0,"Pending Target"
"64113469","EGSS-negma","ME-EGSS01","ME-EGSS01小组",0,"Pending Target"
"64115498","EGSS-negma","ME-EGSS01","ME-EGSS01小组",0,"Pending Target"
"64117235","EGSS-negma","ME-EGSS01","ME-EGSS01小组",0,"Pending Target"
"64121257","EGSS-nohayoussry","ME-EGSS01","ME-EGSS01小组",0,"Pending Target"
"64125252","EGSS-mahmoud04","ME-EGSS01","ME-EGSS01小组",0,"Pending Target"
"64125852","EGSS-ashraqatal","ME-EGSS01","ME-EGSS01小组",0,"Pending Target"
"64126174","EGSS-mahmoud04","ME-EGSS01","ME-EGSS01小组",0,"Pending Target"
"64126349","EGSS-juliamonir01","ME-EGSS01","ME-EGSS01小组",0,"Pending Target"
"64129119","EGSS-juliamonir01","ME-EGSS01","ME-EGSS01小组",0,"Pending Target"
"64131292","EGSS-juliamonir01","ME-EGSS01","ME-EGSS01小组",0,"Pending Target"
"64133946","EGSS-nohayoussry","ME-EGSS01","ME-EGSS01小组",0,"Pending Target"
"64134862","EGSS-negma","ME-EGSS01","ME-EGSS01小组",0,"Pending Target"
"64135636","EGSS-juliamonir01","ME-EGSS01","ME-EGSS01小组",0,"Pending Target"
"64141903","EGSS-nohayoussry","ME-EGSS01","ME-EGSS01小组",0,"Pending Target"
"64142999","EGSS-negma","ME-EGSS01","ME-EGSS01小组",0,"Pending Target"
"64143642","EGSS-mahmoud04","ME-EGSS01","ME-EGSS01小组",0,"Pending Target"
"64149213","EGSS-mahmoud04","ME-EGSS01","ME-EGSS01小组",0,"Pending Target"
"64150364","EGSS-ashraqatal","ME-EGSS01","ME-EGSS01小组",0,"Pending Target"
"64150401","EGSS-ashraqatal","ME-EGSS01","ME-EGSS01小组",0,"Pending Target"
"64157496","EGSS-juliamonir01","ME-EGSS01","ME-EGSS01小组",0,"Pending Target"
"64157520","EGSS-negma","ME-EGSS01","ME-EGSS01小组",0,"Pending Target"
"64157593","EGSS-juliamonir01","ME-EGSS01","ME-EGSS01小组",0,"Pending Target"
"64157762","EGSS-mahmoud04","ME-EGSS01","ME-EGSS01小组",0,"Pending Target"
"64157873","EGSS-negma","ME-EGSS01","ME-EGSS01小组",0,"Pending Target"
"64158995","EGSS-mahmoud04","ME-EGSS01","ME-EGSS01小组",0,"Pending Target"
"64159745","EGSS-negma","ME-EGSS01","ME-EGSS01小组",0,"Pending Target"
"64159762","EGSS-negma","ME-EGSS01","ME-EGSS01小组",0,"Pending Target"
"64159936","EGSS-negma","ME-EGSS01","ME-EGSS01小组",0,"Pending Target"
"64161887","EGSS-ashraqatal","ME-EGSS01","ME-EGSS01小组",0,"Pending Target"
"64166730","EGSS-ashraqatal","ME-EGSS01","ME-EGSS01小组",0,"Pending Target"
"64167246","EGSS-ashraqatal","ME-EGSS01","ME-EGSS01小组",0,"Pending Target"
"64169094","EGSS-ashraqatal","ME-EGSS01","ME-EGSS01小组",0,"Pending Target"
"64169405","EGSS-ashraqatal","ME-EGSS01","ME-EGSS01小组",0,"Pending Target"
"64177823","EGSS-ashraqatal","ME-EGSS01","ME-EGSS01小组",0,"Pending Target"
"64181529","EGSS-nohayoussry","ME-EGSS01","ME-EGSS01小组",0,"Pending Target"