"PriorityRank","StudentId","Rep","Team","BigTeam","Pool","PoolDetail","AttendedClasses","BookedUnattended","AttendanceTier","LastConnectionTime","ConnectionDisplay","ConnectionSource","LastPaidDate","RecommendedAction","IsCovered"
"18","58883465","EGSS-samira01","ME-EGSS05","MEKSA-EGSS01","围场外","outside pool","6","13",">=4 Classes (Medium)","2026-07-26 00:00:00","2026-07-26 00:00:00","Last 1v1 Payment","20260726","PRIORITY - Active Student Upgrade Pitch","0"
"50","63236917","EGSS-samira01","ME-EGSS05","MEKSA-EGSS01","到期","Exp Non-0","5","8",">=4 Classes (Medium)","1970-01-01 00:00:00","No Connection Recorded","No Recorded Connection","-","PRIORITY - Active Student Upgrade Pitch","0"
"75","62788694","EGSS-samira01","ME-EGSS05","MEKSA-EGSS01","到期","Exp Non-0","5","1",">=4 Classes (Medium)","2026-06-10 00:00:00","2026-06-10 00:00:00","Last 1v1 Payment","20260610","PRIORITY - Active Student Upgrade Pitch","0"
"88","62424568","EGSS-samira01","ME-EGSS05","MEKSA-EGSS01","围场外","outside pool","5","14",">=4 Classes (Medium)","2026-08-31 00:00:00","2026-08-31 00:00:00","Last 1v1 Payment","20260831","PRIORITY - Active Student Upgrade Pitch","0"
"205","60246947","EGSS-samira01","ME-EGSS05","MEKSA-EGSS01","到期","Exp Non-0","4","11",">=4 Classes (Medium)","1970-01-01 00:00:00","No Connection Recorded","No Recorded Connection","-","PRIORITY - Active Student Upgrade Pitch","0"
"207","64245737","EGSS-samira01","ME-EGSS05","MEKSA-EGSS01","围场外","outside pool","4","11",">=4 Classes (Medium)","1970-01-01 00:00:00","No Connection Recorded","No Recorded Connection","-","PRIORITY - Active Student Upgrade Pitch","0"
"208","62825243","EGSS-samira01","ME-EGSS05","MEKSA-EGSS01","到期","Exp Non-0","4","8",">=4 Classes (Medium)","1970-01-01 00:00:00","No Connection Recorded","No Recorded Connection","-","PRIORITY - Active Student Upgrade Pitch","0"
"213","64327051","EGSS-samira01","ME-EGSS05","MEKSA-EGSS01","围场外","outside pool","4","11",">=4 Classes (Medium)","1970-01-01 00:00:00","No Connection Recorded","No Recorded Connection","-","PRIORITY - Active Student Upgrade Pitch","0"
"216","59615465","EGSS-samira01","ME-EGSS05","MEKSA-EGSS01","围场外","outside pool","4","9",">=4 Classes (Medium)","2025-04-23 00:00:00","2025-04-23 00:00:00","Last 1v1 Payment","20250423","PRIORITY - Active Student Upgrade Pitch","0"
"273","60561050","EGSS-samira01","ME-EGSS05","MEKSA-EGSS01","到期","Exp Non-0","4","11",">=4 Classes (Medium)","2026-03-30 00:00:00","2026-03-30 00:00:00","Last 1v1 Payment","20260330","PRIORITY - Active Student Upgrade Pitch","0"
"287","61476385","EGSS-samira01","ME-EGSS05","MEKSA-EGSS01","围场外","outside pool","4","11",">=4 Classes (Medium)","2026-05-13 00:00:00","2026-05-13 00:00:00","Last 1v1 Payment","20260513","PRIORITY - Active Student Upgrade Pitch","0"
"317","61487431","EGSS-samira01","ME-EGSS05","MEKSA-EGSS01","围场外","outside pool","4","12",">=4 Classes (Medium)","2026-07-08 00:00:00","2026-07-08 00:00:00","Last 1v1 Payment","20260708","PRIORITY - Active Student Upgrade Pitch","0"
"332","63691939","EGSS-samira01","ME-EGSS05","MEKSA-EGSS01","围场外","outside pool","4","11",">=4 Classes (Medium)","2026-07-29 00:00:00","2026-07-29 00:00:00","CRM System Outreach","-","PRIORITY - Active Student Upgrade Pitch","0"
"349","63730843","EGSS-samira01","ME-EGSS05","MEKSA-EGSS01","围场外","outside pool","4","5",">=4 Classes (Medium)","2026-08-13 00:00:00","2026-08-13 00:00:00","CRM System Outreach","-","PRIORITY - Active Student Upgrade Pitch","0"
"352","63481413","EGSS-samira01","ME-EGSS05","MEKSA-EGSS01","围场外","outside pool","4","3",">=4 Classes (Medium)","2026-08-13 00:00:00","2026-08-13 00:00:00","CRM System Outreach","-","PRIORITY - Active Student Upgrade Pitch","0"
"353","63822485","EGSS-samira01","ME-EGSS05","MEKSA-EGSS01","围场外","outside pool","4","11",">=4 Classes (Medium)","2026-08-15 00:00:00","2026-08-15 00:00:00","CRM System Outreach","20260928","PRIORITY - Active Student Upgrade Pitch","0"
"367","63593084","EGSS-samira01","ME-EGSS05","MEKSA-EGSS01","围场外","outside pool","4","12",">=4 Classes (Medium)","2026-08-27 00:00:00","2026-08-27 00:00:00","CRM System Outreach","20260830","PRIORITY - Active Student Upgrade Pitch","0"
"395","63306885","EGSS-samira01","ME-EGSS05","MEKSA-EGSS01","到期","Exp Non-0","4","12",">=4 Classes (Medium)","2026-10-01 14:17:01","2026-10-01 14:17:01","SOP Completed Touch","-","PRIORITY - Active Student Upgrade Pitch","0"
"429","64181065","EGSS-samira01","ME-EGSS05","MEKSA-EGSS01","围场外","outside pool","4","11",">=4 Classes (Medium)","2026-10-03 14:47:05","2026-10-03 14:47:05","SOP Completed Touch","-","PRIORITY - Active Student Upgrade Pitch","0"
"456","63498189","EGSS-samira01","ME-EGSS05","MEKSA-EGSS01","到期","Exp Non-0","4","11",">=4 Classes (Medium)","2026-10-06 11:08:33","2026-10-06 11:08:33","SOP Task Assigned","-","PRIORITY - Active Student Upgrade Pitch","0"
"504","59884302","EGSS-samira01","ME-EGSS05","MEKSA-EGSS01","到期","Exp Non-0","4","11",">=4 Classes (Medium)","2026-10-07 17:55:59","2026-10-07 17:55:59","SOP Completed Touch","-","PRIORITY - Active Student Upgrade Pitch","0"
"524","62561488","EGSS-samira01","ME-EGSS05","MEKSA-EGSS01","到期","Exp Non-0","3","9","1-3 Classes (Low)","1970-01-01 00:00:00","No Connection Recorded","No Recorded Connection","-","STANDARD - Re-engagement & Habit Building","0"
"540","62691250","EGSS-samira01","ME-EGSS05","MEKSA-EGSS01","首单到期","FOE Non-0","3","6","1-3 Classes (Low)","1970-01-01 00:00:00","No Connection Recorded","No Recorded Connection","-","STANDARD - Re-engagement & Habit Building","0"
"590","63078505","EGSS-samira01","ME-EGSS05","MEKSA-EGSS01","到期","Exp Non-0","3","9","1-3 Classes (Low)","1970-01-01 00:00:00","No Connection Recorded","No Recorded Connection","-","STANDARD - Re-engagement & Habit Building","0"
"591","62554546","EGSS-samira01","ME-EGSS05","MEKSA-EGSS01","到期","Exp Non-0","3","8","1-3 Classes (Low)","1970-01-01 00:00:00","No Connection Recorded","No Recorded Connection","-","STANDARD - Re-engagement & Habit Building","0"
"601","62787242","EGSS-samira01","ME-EGSS05","MEKSA-EGSS01","到期","Exp Non-0","3","6","1-3 Classes (Low)","1970-01-01 00:00:00","No Connection Recorded","No Recorded Connection","-","STANDARD - Re-engagement & Habit Building","0"
"603","63155746","EGSS-samira01","ME-EGSS05","MEKSA-EGSS01","围场外","outside pool","3","6","1-3 Classes (Low)","1970-01-01 00:00:00","No Connection Recorded","No Recorded Connection","-","STANDARD - Re-engagement & Habit Building","0"
"604","63156753","EGSS-samira01","ME-EGSS05","MEKSA-EGSS01","围场外","outside pool","3","6","1-3 Classes (Low)","1970-01-01 00:00:00","No Connection Recorded","No Recorded Connection","-","STANDARD - Re-engagement & Habit Building","0"
"608","62396042","EGSS-samira01","ME-EGSS05","MEKSA-EGSS01","首单到期","FOE Non-0","3","9","1-3 Classes (Low)","1970-01-01 00:00:00","No Connection Recorded","No Recorded Connection","-","STANDARD - Re-engagement & Habit Building","0"
"620","62774304","EGSS-samira01","ME-EGSS05","MEKSA-EGSS01","围场外","outside pool","3","6","1-3 Classes (Low)","1970-01-01 00:00:00","No Connection Recorded","No Recorded Connection","-","STANDARD - Re-engagement & Habit Building","0"
"630","62445853","EGSS-samira01","ME-EGSS05","MEKSA-EGSS01","到期","Exp Non-0","3","10","1-3 Classes (Low)","1970-01-01 00:00:00","No Connection Recorded","No Recorded Connection","-","STANDARD - Re-engagement & Habit Building","0"
"633","62432586","EGSS-samira01","ME-EGSS05","MEKSA-EGSS01","首单到期","FOE Non-0","3","11","1-3 Classes (Low)","1970-01-01 00:00:00","No Connection Recorded","No Recorded Connection","-","STANDARD - Re-engagement & Habit Building","0"
"649","61769453","EGSS-samira01","ME-EGSS05","MEKSA-EGSS01","到期","Exp Non-0","3","9","1-3 Classes (Low)","1970-01-01 00:00:00","No Connection Recorded","No Recorded Connection","-","STANDARD - Re-engagement & Habit Building","0"
"659","63415415","EGSS-samira01","ME-EGSS05","MEKSA-EGSS01","围场外","outside pool","3","6","1-3 Classes (Low)","1970-01-01 00:00:00","No Connection Recorded","No Recorded Connection","-","STANDARD - Re-engagement & Habit Building","0"
"664","63157748","EGSS-samira01","ME-EGSS05","MEKSA-EGSS01","到期","Exp Non-0","3","9","1-3 Classes (Low)","1970-01-01 00:00:00","No Connection Recorded","No Recorded Connection","-","STANDARD - Re-engagement & Habit Building","0"
"675","62173127","EGSS-samira01","ME-EGSS05","MEKSA-EGSS01","到期","Exp Non-0","3","9","1-3 Classes (Low)","1970-01-01 00:00:00","No Connection Recorded","No Recorded Connection","-","STANDARD - Re-engagement & Habit Building","0"
"681","62811329","EGSS-samira01","ME-EGSS05","MEKSA-EGSS01","围场外","outside pool","3","9","1-3 Classes (Low)","1970-01-01 00:00:00","No Connection Recorded","No Recorded Connection","-","STANDARD - Re-engagement & Habit Building","0"
"763","59246309","EGSS-samira01","ME-EGSS05","MEKSA-EGSS01","首单到期","FOE Non-0","3","9","1-3 Classes (Low)","1970-01-01 00:00:00","No Connection Recorded","No Recorded Connection","-","STANDARD - Re-engagement & Habit Building","0"
"772","59197931","EGSS-samira01","ME-EGSS05","MEKSA-EGSS01","到期","Exp Non-0","3","11","1-3 Classes (Low)","1970-01-01 00:00:00","No Connection Recorded","No Recorded Connection","-","STANDARD - Re-engagement & Habit Building","0"
"879","60867909","EGSS-samira01","ME-EGSS05","MEKSA-EGSS01","到期","Exp Non-0","3","11","1-3 Classes (Low)","2025-09-18 00:00:00","2025-09-18 00:00:00","Last 1v1 Payment","20250918","STANDARD - Re-engagement & Habit Building","0"
"921","58732462","EGSS-samira01","ME-EGSS05","MEKSA-EGSS01","围场外","outside pool","3","11","1-3 Classes (Low)","2025-12-15 00:00:00","2025-12-15 00:00:00","Last 1v1 Payment","20251215","STANDARD - Re-engagement & Habit Building","0"
"929","61070820","EGSS-samira01","ME-EGSS05","MEKSA-EGSS01","到期","Exp Non-0","3","9","1-3 Classes (Low)","2025-12-25 00:00:00","2025-12-25 00:00:00","Last 1v1 Payment","20251225","STANDARD - Re-engagement & Habit Building","0"
"931","60757009","EGSS-samira01","ME-EGSS05","MEKSA-EGSS01","围场外","outside pool","3","6","1-3 Classes (Low)","2025-12-27 00:00:00","2025-12-27 00:00:00","Last 1v1 Payment","20251227","STANDARD - Re-engagement & Habit Building","0"
"932","60757003","EGSS-samira01","ME-EGSS05","MEKSA-EGSS01","围场外","outside pool","3","6","1-3 Classes (Low)","2025-12-27 00:00:00","2025-12-27 00:00:00","Last 1v1 Payment","20251227","STANDARD - Re-engagement & Habit Building","0"
"933","60756640","EGSS-samira01","ME-EGSS05","MEKSA-EGSS01","围场外","outside pool","3","6","1-3 Classes (Low)","2025-12-27 00:00:00","2025-12-27 00:00:00","Last 1v1 Payment","20251227","STANDARD - Re-engagement & Habit Building","0"
"941","60687367","EGSS-samira01","ME-EGSS05","MEKSA-EGSS01","围场外","outside pool","3","9","1-3 Classes (Low)","2026-01-01 00:00:00","2026-01-01 00:00:00","Last 1v1 Payment","20260101","STANDARD - Re-engagement & Habit Building","0"
"1054","62688540","EGSS-samira01","ME-EGSS05","MEKSA-EGSS01","围场外","outside pool","3","9","1-3 Classes (Low)","2026-05-05 00:00:00","2026-05-05 00:00:00","Last 1v1 Payment","20260505","STANDARD - Re-engagement & Habit Building","0"
"1103","62402323","EGSS-samira01","ME-EGSS05","MEKSA-EGSS01","围场外","outside pool","3","9","1-3 Classes (Low)","2026-05-25 00:00:00","2026-05-25 00:00:00","Last 1v1 Payment","20260525","STANDARD - Re-engagement & Habit Building","0"
"1113","62865488","EGSS-samira01","ME-EGSS05","MEKSA-EGSS01","围场外","outside pool","3","9","1-3 Classes (Low)","2026-06-04 00:00:00","2026-06-04 00:00:00","Last 1v1 Payment","20260604","STANDARD - Re-engagement & Habit Building","0"
"1117","58199771","EGSS-samira01","ME-EGSS05","MEKSA-EGSS01","围场外","outside pool","3","9","1-3 Classes (Low)","2026-06-04 00:00:00","2026-06-04 00:00:00","Last 1v1 Payment","20260604","STANDARD - Re-engagement & Habit Building","0"
"1125","62839343","EGSS-samira01","ME-EGSS05","MEKSA-EGSS01","围场外","outside pool","3","6","1-3 Classes (Low)","2026-06-10 00:00:00","2026-06-10 00:00:00","Last 1v1 Payment","20260610","STANDARD - Re-engagement & Habit Building","0"
"1127","62837160","EGSS-samira01","ME-EGSS05","MEKSA-EGSS01","围场外","outside pool","3","5","1-3 Classes (Low)","2026-06-10 00:00:00","2026-06-10 00:00:00","Last 1v1 Payment","20260610","STANDARD - Re-engagement & Habit Building","0"
"1133","58457572","EGSS-samira01","ME-EGSS05","MEKSA-EGSS01","围场外","outside pool","3","4","1-3 Classes (Low)","2026-06-15 00:00:00","2026-06-15 00:00:00","Last 1v1 Payment","20260615","STANDARD - Re-engagement & Habit Building","0"
"1143","61767553","EGSS-samira01","ME-EGSS05","MEKSA-EGSS01","期间","period","3","9","1-3 Classes (Low)","2026-06-22 00:00:00","2026-06-22 00:00:00","Last 1v1 Payment","20260622","STANDARD - Re-engagement & Habit Building","0"
"1144","61773236","EGSS-samira01","ME-EGSS05","MEKSA-EGSS01","期间","period","3","10","1-3 Classes (Low)","2026-06-22 00:00:00","2026-06-22 00:00:00","Last 1v1 Payment","20260622","STANDARD - Re-engagement & Habit Building","0"
"1158","62849409","EGSS-samira01","ME-EGSS05","MEKSA-EGSS01","围场外","outside pool","3","12","1-3 Classes (Low)","2026-06-28 00:00:00","2026-06-28 00:00:00","Last 1v1 Payment","20260628","STANDARD - Re-engagement & Habit Building","0"
"1186","63172027","EGSS-samira01","ME-EGSS05","MEKSA-EGSS01","围场外","outside pool","3","9","1-3 Classes (Low)","2026-07-12 00:00:00","2026-07-12 00:00:00","Last 1v1 Payment","20260712","STANDARD - Re-engagement & Habit Building","0"
"1224","62569844","EGSS-samira01","ME-EGSS05","MEKSA-EGSS01","围场外","outside pool","3","11","1-3 Classes (Low)","2026-07-28 00:00:00","2026-07-28 00:00:00","Last 1v1 Payment","20260728","STANDARD - Re-engagement & Habit Building","0"
"1298","62932732","EGSS-samira01","ME-EGSS05","MEKSA-EGSS01","围场外","outside pool","3","11","1-3 Classes (Low)","2026-08-15 00:00:00","2026-08-15 00:00:00","Last 1v1 Payment","20260815","STANDARD - Re-engagement & Habit Building","0"
"1341","62668526","EGSS-samira01","ME-EGSS05","MEKSA-EGSS01","围场外","outside pool","3","9","1-3 Classes (Low)","2026-08-27 00:00:00","2026-08-27 00:00:00","Last 1v1 Payment","20260827","STANDARD - Re-engagement & Habit Building","0"
"1344","58156938","EGSS-samira01","ME-EGSS05","MEKSA-EGSS01","到期","Exp Non-0","3","9","1-3 Classes (Low)","2026-08-27 00:00:00","2026-08-27 00:00:00","CRM System Outreach","-","STANDARD - Re-engagement & Habit Building","0"
"1352","61337114","EGSS-samira01","ME-EGSS05","MEKSA-EGSS01","期间","period","3","9","1-3 Classes (Low)","2026-08-28 00:00:00","2026-08-28 00:00:00","Last 1v1 Payment","20260828","STANDARD - Re-engagement & Habit Building","0"
"1376","62602153","EGSS-samira01","ME-EGSS05","MEKSA-EGSS01","围场外","outside pool","3","8","1-3 Classes (Low)","2026-09-07 00:00:00","2026-09-07 00:00:00","Last 1v1 Payment","20260907","STANDARD - Re-engagement & Habit Building","0"
"1379","62609387","EGSS-samira01","ME-EGSS05","MEKSA-EGSS01","围场外","outside pool","3","9","1-3 Classes (Low)","2026-09-07 00:00:00","2026-09-07 00:00:00","Last 1v1 Payment","20260907","STANDARD - Re-engagement & Habit Building","0"
"1393","62399447","EGSS-samira01","ME-EGSS05","MEKSA-EGSS01","围场外","outside pool","3","9","1-3 Classes (Low)","2026-09-16 00:00:00","2026-09-16 00:00:00","Last 1v1 Payment","20260916","STANDARD - Re-engagement & Habit Building","0"
"1436","59724446","EGSS-samira01","ME-EGSS05","MEKSA-EGSS01","围场外","outside pool","3","9","1-3 Classes (Low)","2026-09-30 00:00:00","2026-09-30 00:00:00","Last 1v1 Payment","20260930","STANDARD - Re-engagement & Habit Building","0"
"1440","64479331","EGSS-samira01","ME-EGSS05","MEKSA-EGSS01","围场外","outside pool","3","9","1-3 Classes (Low)","2026-09-30 12:50:35","2026-09-30 12:50:35","SOP Completed Touch","-","STANDARD - Re-engagement & Habit Building","0"
"1441","64180740","EGSS-samira01","ME-EGSS05","MEKSA-EGSS01","升舱","Upgrade M2","3","9","1-3 Classes (Low)","2026-09-30 12:53:51","2026-09-30 12:53:51","SOP Completed Touch","-","STANDARD - Re-engagement & Habit Building","0"
"1501","64059932","EGSS-samira01","ME-EGSS05","MEKSA-EGSS01","升舱","Upgrade M2","3","7","1-3 Classes (Low)","2026-10-03 11:25:47","2026-10-03 11:25:47","SOP Task Assigned","-","STANDARD - Re-engagement & Habit Building","0"
"1568","64180925","EGSS-samira01","ME-EGSS05","MEKSA-EGSS01","升舱","Upgrade M2","3","9","1-3 Classes (Low)","2026-10-04 15:22:51","2026-10-04 15:22:51","SOP Completed Touch","-","STANDARD - Re-engagement & Habit Building","0"
"1611","63584000","EGSS-samira01","ME-EGSS05","MEKSA-EGSS01","围场外","outside pool","3","9","1-3 Classes (Low)","2026-10-06 11:09:26","2026-10-06 11:09:26","SOP Task Assigned","-","STANDARD - Re-engagement & Habit Building","0"
"1620","64088026","EGSS-samira01","ME-EGSS05","MEKSA-EGSS01","围场外","outside pool","3","9","1-3 Classes (Low)","2026-10-06 11:15:17","2026-10-06 11:15:17","SOP Task Assigned","-","STANDARD - Re-engagement & Habit Building","0"
"1711","61639721","EGSS-samira01","ME-EGSS05","MEKSA-EGSS01","期间","period","3","12","1-3 Classes (Low)","2026-10-07 16:49:44","2026-10-07 16:49:44","SOP Completed Touch","-","STANDARD - Re-engagement & Habit Building","0"
"1767","60741498","EGSS-samira01","ME-EGSS05","MEKSA-EGSS01","围场外","outside pool","2","9","1-3 Classes (Low)","1970-01-01 00:00:00","No Connection Recorded","No Recorded Connection","-","STANDARD - Re-engagement & Habit Building","0"
"1834","58317070","EGSS-samira01","ME-EGSS05","MEKSA-EGSS01","到期","Exp Non-0","2","7","1-3 Classes (Low)","1970-01-01 00:00:00","No Connection Recorded","No Recorded Connection","-","STANDARD - Re-engagement & Habit Building","0"
"1841","58717084","EGSS-samira01","ME-EGSS05","MEKSA-EGSS01","围场外","outside pool","2","5","1-3 Classes (Low)","1970-01-01 00:00:00","No Connection Recorded","No Recorded Connection","-","STANDARD - Re-engagement & Habit Building","0"
"1843","57956052","EGSS-samira01","ME-EGSS05","MEKSA-EGSS01","首单到期","FOE Non-0","2","6","1-3 Classes (Low)","1970-01-01 00:00:00","No Connection Recorded","No Recorded Connection","-","STANDARD - Re-engagement & Habit Building","0"
"1914","63156303","EGSS-samira01","ME-EGSS05","MEKSA-EGSS01","期间","period","2","0","1-3 Classes (Low)","1970-01-01 00:00:00","No Connection Recorded","No Recorded Connection","-","STANDARD - Re-engagement & Habit Building","0"
"1917","62325334","EGSS-samira01","ME-EGSS05","MEKSA-EGSS01","到期","Exp Non-0","2","11","1-3 Classes (Low)","1970-01-01 00:00:00","No Connection Recorded","No Recorded Connection","-","STANDARD - Re-engagement & Habit Building","0"
"1918","63248142","EGSS-samira01","ME-EGSS05","MEKSA-EGSS01","围场外","outside pool","2","8","1-3 Classes (Low)","1970-01-01 00:00:00","No Connection Recorded","No Recorded Connection","-","STANDARD - Re-engagement & Habit Building","0"
"1923","62878887","EGSS-samira01","ME-EGSS05","MEKSA-EGSS01","期间","period","2","7","1-3 Classes (Low)","1970-01-01 00:00:00","No Connection Recorded","No Recorded Connection","-","STANDARD - Re-engagement & Habit Building","0"
"1925","62441255","EGSS-samira01","ME-EGSS05","MEKSA-EGSS01","到期","Exp Non-0","2","11","1-3 Classes (Low)","1970-01-01 00:00:00","No Connection Recorded","No Recorded Connection","-","STANDARD - Re-engagement & Habit Building","0"
"1930","63060603","EGSS-samira01","ME-EGSS05","MEKSA-EGSS01","到期","Exp Non-0","2","4","1-3 Classes (Low)","1970-01-01 00:00:00","No Connection Recorded","No Recorded Connection","-","STANDARD - Re-engagement & Habit Building","0"
"1936","62788589","EGSS-samira01","ME-EGSS05","MEKSA-EGSS01","围场外","outside pool","2","7","1-3 Classes (Low)","1970-01-01 00:00:00","No Connection Recorded","No Recorded Connection","-","STANDARD - Re-engagement & Habit Building","0"
"1945","62703812","EGSS-samira01","ME-EGSS05","MEKSA-EGSS01","围场外","outside pool","2","6","1-3 Classes (Low)","1970-01-01 00:00:00","No Connection Recorded","No Recorded Connection","-","STANDARD - Re-engagement & Habit Building","0"
"1956","62535162","EGSS-samira01","ME-EGSS05","MEKSA-EGSS01","首单到期","FOE Non-0","2","7","1-3 Classes (Low)","1970-01-01 00:00:00","No Connection Recorded","No Recorded Connection","-","STANDARD - Re-engagement & Habit Building","0"
"1957","62535247","EGSS-samira01","ME-EGSS05","MEKSA-EGSS01","首单到期","FOE Non-0","2","6","1-3 Classes (Low)","1970-01-01 00:00:00","No Connection Recorded","No Recorded Connection","-","STANDARD - Re-engagement & Habit Building","0"
"1971","62824824","EGSS-samira01","ME-EGSS05","MEKSA-EGSS01","到期","Exp Non-0","2","10","1-3 Classes (Low)","1970-01-01 00:00:00","No Connection Recorded","No Recorded Connection","-","STANDARD - Re-engagement & Habit Building","0"
"1972","62535514","EGSS-samira01","ME-EGSS05","MEKSA-EGSS01","首单到期","FOE Non-0","2","7","1-3 Classes (Low)","1970-01-01 00:00:00","No Connection Recorded","No Recorded Connection","-","STANDARD - Re-engagement & Habit Building","0"
"1999","61089599","EGSS-samira01","ME-EGSS05","MEKSA-EGSS01","围场外","outside pool","2","14","1-3 Classes (Low)","1970-01-01 00:00:00","No Connection Recorded","No Recorded Connection","-","STANDARD - Re-engagement & Habit Building","0"
"2020","63424046","EGSS-samira01","ME-EGSS05","MEKSA-EGSS01","围场外","outside pool","2","7","1-3 Classes (Low)","1970-01-01 00:00:00","No Connection Recorded","No Recorded Connection","-","STANDARD - Re-engagement & Habit Building","0"
"2022","62173150","EGSS-samira01","ME-EGSS05","MEKSA-EGSS01","到期","Exp Non-0","2","9","1-3 Classes (Low)","1970-01-01 00:00:00","No Connection Recorded","No Recorded Connection","-","STANDARD - Re-engagement & Habit Building","0"
"2033","62313671","EGSS-samira01","ME-EGSS05","MEKSA-EGSS01","围场外","outside pool","2","6","1-3 Classes (Low)","1970-01-01 00:00:00","No Connection Recorded","No Recorded Connection","-","STANDARD - Re-engagement & Habit Building","0"
"2044","59615647","EGSS-samira01","ME-EGSS05","MEKSA-EGSS01","围场外","outside pool","2","9","1-3 Classes (Low)","2025-04-23 00:00:00","2025-04-23 00:00:00","Last 1v1 Payment","20250423","STANDARD - Re-engagement & Habit Building","0"
"2059","60530856","EGSS-samira01","ME-EGSS05","MEKSA-EGSS01","围场外","outside pool","2","9","1-3 Classes (Low)","2025-08-29 00:00:00","2025-08-29 00:00:00","Last 1v1 Payment","20250829","STANDARD - Re-engagement & Habit Building","0"
"2070","60724248","EGSS-samira01","ME-EGSS05","MEKSA-EGSS01","到期","Exp Non-0","2","10","1-3 Classes (Low)","2025-10-16 00:00:00","2025-10-16 00:00:00","Last 1v1 Payment","20251016","STANDARD - Re-engagement & Habit Building","0"
"2071","60650674","EGSS-samira01","ME-EGSS05","MEKSA-EGSS01","围场外","outside pool","2","7","1-3 Classes (Low)","2025-10-16 00:00:00","2025-10-16 00:00:00","Last 1v1 Payment","20251016","STANDARD - Re-engagement & Habit Building","0"
"2080","61354270","EGSS-samira01","ME-EGSS05","MEKSA-EGSS01","到期","Exp Non-0","2","10","1-3 Classes (Low)","2025-11-08 00:00:00","2025-11-08 00:00:00","Last 1v1 Payment","20251108","STANDARD - Re-engagement & Habit Building","0"
"2094","60372546","EGSS-samira01","ME-EGSS05","MEKSA-EGSS01","到期","Exp Non-0","2","11","1-3 Classes (Low)","2025-11-27 00:00:00","2025-11-27 00:00:00","Last 1v1 Payment","20251127","STANDARD - Re-engagement & Habit Building","0"
"2142","60660292","EGSS-samira01","ME-EGSS05","MEKSA-EGSS01","围场外","outside pool","2","9","1-3 Classes (Low)","2026-02-27 00:00:00","2026-02-27 00:00:00","Last 1v1 Payment","20260227","STANDARD - Re-engagement & Habit Building","0"
"2144","60775068","EGSS-samira01","ME-EGSS05","MEKSA-EGSS01","围场外","outside pool","2","9","1-3 Classes (Low)","2026-03-01 00:00:00","2026-03-01 00:00:00","Last 1v1 Payment","20260301","STANDARD - Re-engagement & Habit Building","0"
"2179","61227536","EGSS-samira01","ME-EGSS05","MEKSA-EGSS01","围场外","outside pool","2","9","1-3 Classes (Low)","2026-03-29 00:00:00","2026-03-29 00:00:00","Last 1v1 Payment","20260329","STANDARD - Re-engagement & Habit Building","0"
"2218","62720104","EGSS-samira01","ME-EGSS05","MEKSA-EGSS01","围场外","outside pool","2","9","1-3 Classes (Low)","2026-05-10 00:00:00","2026-05-10 00:00:00","Last 1v1 Payment","20260510","STANDARD - Re-engagement & Habit Building","0"
"2223","62809936","EGSS-samira01","ME-EGSS05","MEKSA-EGSS01","围场外","outside pool","2","7","1-3 Classes (Low)","2026-05-12 00:00:00","2026-05-12 00:00:00","Last 1v1 Payment","20260512","STANDARD - Re-engagement & Habit Building","0"
"2242","61620447","EGSS-samira01","ME-EGSS05","MEKSA-EGSS01","围场外","outside pool","2","5","1-3 Classes (Low)","2026-05-23 00:00:00","2026-05-23 00:00:00","Last 1v1 Payment","20260523","STANDARD - Re-engagement & Habit Building","0"
"2251","62375258","EGSS-samira01","ME-EGSS05","MEKSA-EGSS01","围场外","outside pool","2","9","1-3 Classes (Low)","2026-05-25 00:00:00","2026-05-25 00:00:00","Last 1v1 Payment","20260525","STANDARD - Re-engagement & Habit Building","0"
"2269","62792151","EGSS-samira01","ME-EGSS05","MEKSA-EGSS01","围场外","outside pool","2","7","1-3 Classes (Low)","2026-06-08 00:00:00","2026-06-08 00:00:00","Last 1v1 Payment","20260608","STANDARD - Re-engagement & Habit Building","0"
"2308","60793991","EGSS-samira01","ME-EGSS05","MEKSA-EGSS01","围场外","outside pool","2","8","1-3 Classes (Low)","2026-06-30 00:00:00","2026-06-30 00:00:00","Last 1v1 Payment","20260630","STANDARD - Re-engagement & Habit Building","0"
"2315","62311194","EGSS-samira01","ME-EGSS05","MEKSA-EGSS01","围场外","outside pool","2","7","1-3 Classes (Low)","2026-07-05 00:00:00","2026-07-05 00:00:00","Last 1v1 Payment","20260705","STANDARD - Re-engagement & Habit Building","0"
"2370","63832457","EGSS-samira01","ME-EGSS05","MEKSA-EGSS01","围场外","outside pool","2","11","1-3 Classes (Low)","2026-08-04 00:00:00","2026-08-04 00:00:00","CRM System Outreach","20260928","STANDARD - Re-engagement & Habit Building","0"
"2419","59364585","EGSS-samira01","ME-EGSS05","MEKSA-EGSS01","围场外","outside pool","2","8","1-3 Classes (Low)","2026-08-17 00:00:00","2026-08-17 00:00:00","Last 1v1 Payment","20260817","STANDARD - Re-engagement & Habit Building","0"
"2465","62609385","EGSS-samira01","ME-EGSS05","MEKSA-EGSS01","围场外","outside pool","2","0","1-3 Classes (Low)","2026-09-07 00:00:00","2026-09-07 00:00:00","Last 1v1 Payment","20260907","STANDARD - Re-engagement & Habit Building","0"
"2473","59912819","EGSS-samira01","ME-EGSS05","MEKSA-EGSS01","围场外","outside pool","2","8","1-3 Classes (Low)","2026-09-17 00:00:00","2026-09-17 00:00:00","Last 1v1 Payment","20260917","STANDARD - Re-engagement & Habit Building","0"
"2493","64161248","EGSS-samira01","ME-EGSS05","MEKSA-EGSS01","升舱","Upgrade M2","2","12","1-3 Classes (Low)","2026-09-29 13:29:51","2026-09-29 13:29:51","SOP Completed Touch","-","STANDARD - Re-engagement & Habit Building","0"
"2508","64475695","EGSS-samira01","ME-EGSS05","MEKSA-EGSS01","围场外","outside pool","2","7","1-3 Classes (Low)","2026-09-30 12:43:44","2026-09-30 12:43:44","SOP Completed Touch","-","STANDARD - Re-engagement & Habit Building","0"
"2555","63929009","EGSS-samira01","ME-EGSS05","MEKSA-EGSS01","升舱","Upgrade M2","2","12","1-3 Classes (Low)","2026-10-03 11:19:30","2026-10-03 11:19:30","SOP Task Assigned","-","STANDARD - Re-engagement & Habit Building","0"
"2690","61654765","EGSS-samira01","ME-EGSS05","MEKSA-EGSS01","围场外","outside pool","2","25","1-3 Classes (Low)","2026-10-07 13:38:55","2026-10-07 13:38:55","SOP Completed Touch","20260227","STANDARD - Re-engagement & Habit Building","0"
"2697","64349780","EGSS-samira01","ME-EGSS05","MEKSA-EGSS01","围场外","outside pool","2","3","1-3 Classes (Low)","2026-10-07 15:24:45","2026-10-07 15:24:45","SOP Completed Touch","-","STANDARD - Re-engagement & Habit Building","0"
"2918","58814728","EGSS-samira01","ME-EGSS05","MEKSA-EGSS01","围场外","outside pool","1","0","1-3 Classes (Low)","1970-01-01 00:00:00","No Connection Recorded","No Recorded Connection","-","STANDARD - Re-engagement & Habit Building","0"
"2921","62073061","EGSS-samira01","ME-EGSS05","MEKSA-EGSS01","到期","Exp Non-0","1","4","1-3 Classes (Low)","1970-01-01 00:00:00","No Connection Recorded","No Recorded Connection","-","STANDARD - Re-engagement & Habit Building","0"
"2923","62432782","EGSS-samira01","ME-EGSS05","MEKSA-EGSS01","到期","Exp Non-0","1","9","1-3 Classes (Low)","1970-01-01 00:00:00","No Connection Recorded","No Recorded Connection","-","STANDARD - Re-engagement & Habit Building","0"
"2924","62668060","EGSS-samira01","ME-EGSS05","MEKSA-EGSS01","围场外","outside pool","1","0","1-3 Classes (Low)","1970-01-01 00:00:00","No Connection Recorded","No Recorded Connection","-","STANDARD - Re-engagement & Habit Building","0"
"2925","62660169","EGSS-samira01","ME-EGSS05","MEKSA-EGSS01","围场外","outside pool","1","7","1-3 Classes (Low)","1970-01-01 00:00:00","No Connection Recorded","No Recorded Connection","-","STANDARD - Re-engagement & Habit Building","0"
"2926","62617449","EGSS-samira01","ME-EGSS05","MEKSA-EGSS01","首单到期","FOE Non-0","1","8","1-3 Classes (Low)","1970-01-01 00:00:00","No Connection Recorded","No Recorded Connection","-","STANDARD - Re-engagement & Habit Building","0"
"2928","60612303","EGSS-samira01","ME-EGSS05","MEKSA-EGSS01","围场外","outside pool","1","8","1-3 Classes (Low)","1970-01-01 00:00:00","No Connection Recorded","No Recorded Connection","-","STANDARD - Re-engagement & Habit Building","0"
"2930","62786997","EGSS-samira01","ME-EGSS05","MEKSA-EGSS01","围场外","outside pool","1","7","1-3 Classes (Low)","1970-01-01 00:00:00","No Connection Recorded","No Recorded Connection","-","STANDARD - Re-engagement & Habit Building","0"
"2934","62786978","EGSS-samira01","ME-EGSS05","MEKSA-EGSS01","围场外","outside pool","1","7","1-3 Classes (Low)","1970-01-01 00:00:00","No Connection Recorded","No Recorded Connection","-","STANDARD - Re-engagement & Habit Building","0"
"2954","60662489","EGSS-samira01","ME-EGSS05","MEKSA-EGSS01","围场外","outside pool","1","9","1-3 Classes (Low)","2025-09-17 00:00:00","2025-09-17 00:00:00","Last 1v1 Payment","20250917","STANDARD - Re-engagement & Habit Building","0"
"2964","61412097","EGSS-samira01","ME-EGSS05","MEKSA-EGSS01","围场外","outside pool","1","8","1-3 Classes (Low)","2025-11-08 00:00:00","2025-11-08 00:00:00","Last 1v1 Payment","20251108","STANDARD - Re-engagement & Habit Building","0"
"2969","61354080","EGSS-samira01","ME-EGSS05","MEKSA-EGSS01","围场外","outside pool","1","8","1-3 Classes (Low)","2025-11-27 00:00:00","2025-11-27 00:00:00","Last 1v1 Payment","20251127","STANDARD - Re-engagement & Habit Building","0"
"2993","61627632","EGSS-samira01","ME-EGSS05","MEKSA-EGSS01","围场外","outside pool","1","6","1-3 Classes (Low)","2026-01-28 00:00:00","2026-01-28 00:00:00","Last 1v1 Payment","20260128","STANDARD - Re-engagement & Habit Building","0"
"3074","62684074","EGSS-samira01","ME-EGSS05","MEKSA-EGSS01","围场外","outside pool","1","9","1-3 Classes (Low)","2026-05-24 00:00:00","2026-05-24 00:00:00","Last 1v1 Payment","20260524","STANDARD - Re-engagement & Habit Building","0"
"3137","63404615","EGSS-samira01","ME-EGSS05","MEKSA-EGSS01","围场外","outside pool","1","14","1-3 Classes (Low)","2026-08-02 00:00:00","2026-08-02 00:00:00","Last 1v1 Payment","20260802","STANDARD - Re-engagement & Habit Building","0"
"3152","63635991","EGSS-samira01","ME-EGSS05","MEKSA-EGSS01","围场外","outside pool","1","7","1-3 Classes (Low)","2026-08-13 00:00:00","2026-08-13 00:00:00","CRM System Outreach","-","STANDARD - Re-engagement & Habit Building","0"
"3174","60425992","EGSS-samira01","ME-EGSS05","MEKSA-EGSS01","围场外","outside pool","1","0","1-3 Classes (Low)","2026-08-28 00:00:00","2026-08-28 00:00:00","Last 1v1 Payment","20260828","STANDARD - Re-engagement & Habit Building","0"
"3197","59470001","EGSS-samira01","ME-EGSS05","MEKSA-EGSS01","围场外","outside pool","1","8","1-3 Classes (Low)","2026-09-29 12:55:58","2026-09-29 12:55:58","SOP Completed Touch","-","STANDARD - Re-engagement & Habit Building","0"
"3213","58777029","EGSS-samira01","ME-EGSS05","MEKSA-EGSS01","围场外","outside pool","1","9","1-3 Classes (Low)","2026-10-01 14:15:49","2026-10-01 14:15:49","SOP Completed Touch","-","STANDARD - Re-engagement & Habit Building","0"
"3291","60551502","EGSS-samira01","ME-EGSS05","MEKSA-EGSS01","围场外","outside pool","1","7","1-3 Classes (Low)","2026-10-07 16:54:00","2026-10-07 16:54:00","SOP Completed Touch","20251031","STANDARD - Re-engagement & Habit Building","0"
"3293","60744451","EGSS-samira01","ME-EGSS05","MEKSA-EGSS01","围场外","outside pool","1","8","1-3 Classes (Low)","2026-10-07 17:04:07","2026-10-07 17:04:07","SOP Completed Touch","20250918","STANDARD - Re-engagement & Habit Building","0"
"3297","62317224","EGSS-samira01","ME-EGSS05","MEKSA-EGSS01","首单到期","FOE 0-cr","0","0","0 Classes (Dormant)","1970-01-01 00:00:00","No Connection Recorded","No Recorded Connection","-","REACTIVATION - Dormant Student Win-Back","0"
"3301","62394825","EGSS-samira01","ME-EGSS05","MEKSA-EGSS01","到期","Exp 0-cr","0","0","0 Classes (Dormant)","1970-01-01 00:00:00","No Connection Recorded","No Recorded Connection","-","REACTIVATION - Dormant Student Win-Back","0"
"3303","62506516","EGSS-samira01","ME-EGSS05","MEKSA-EGSS01","首单到期","FOE 0-cr","0","0","0 Classes (Dormant)","1970-01-01 00:00:00","No Connection Recorded","No Recorded Connection","-","REACTIVATION - Dormant Student Win-Back","0"
"3306","62317581","EGSS-samira01","ME-EGSS05","MEKSA-EGSS01","首单到期","FOE Non-0","0","0","0 Classes (Dormant)","1970-01-01 00:00:00","No Connection Recorded","No Recorded Connection","-","REACTIVATION - Dormant Student Win-Back","0"
"3317","63155371","EGSS-samira01","ME-EGSS05","MEKSA-EGSS01","到期","Exp Non-0","0","0","0 Classes (Dormant)","1970-01-01 00:00:00","No Connection Recorded","No Recorded Connection","-","REACTIVATION - Dormant Student Win-Back","0"
"3352","62338703","EGSS-samira01","ME-EGSS05","MEKSA-EGSS01","到期","Exp Non-0","0","0","0 Classes (Dormant)","1970-01-01 00:00:00","No Connection Recorded","No Recorded Connection","-","REACTIVATION - Dormant Student Win-Back","0"
"3357","62327179","EGSS-samira01","ME-EGSS05","MEKSA-EGSS01","围场外","outside pool","0","0","0 Classes (Dormant)","1970-01-01 00:00:00","No Connection Recorded","No Recorded Connection","-","REACTIVATION - Dormant Student Win-Back","0"
"3362","63224023","EGSS-samira01","ME-EGSS05","MEKSA-EGSS01","到期","Exp Non-0","0","11","0 Classes (Dormant)","1970-01-01 00:00:00","No Connection Recorded","No Recorded Connection","-","REACTIVATION - Dormant Student Win-Back","0"
"3369","62388029","EGSS-samira01","ME-EGSS05","MEKSA-EGSS01","围场外","outside pool","0","0","0 Classes (Dormant)","1970-01-01 00:00:00","No Connection Recorded","No Recorded Connection","-","REACTIVATION - Dormant Student Win-Back","0"
"3389","61021050","EGSS-samira01","ME-EGSS05","MEKSA-EGSS01","首单到期","FOE 0-cr","0","0","0 Classes (Dormant)","1970-01-01 00:00:00","No Connection Recorded","No Recorded Connection","-","REACTIVATION - Dormant Student Win-Back","0"
"3390","61019591","EGSS-samira01","ME-EGSS05","MEKSA-EGSS01","首单到期","FOE 0-cr","0","0","0 Classes (Dormant)","1970-01-01 00:00:00","No Connection Recorded","No Recorded Connection","-","REACTIVATION - Dormant Student Win-Back","0"
"3396","62871744","EGSS-samira01","ME-EGSS05","MEKSA-EGSS01","首单到期","FOE Non-0","0","0","0 Classes (Dormant)","1970-01-01 00:00:00","No Connection Recorded","No Recorded Connection","-","REACTIVATION - Dormant Student Win-Back","0"
"3397","62865556","EGSS-samira01","ME-EGSS05","MEKSA-EGSS01","到期","Exp Non-0","0","0","0 Classes (Dormant)","1970-01-01 00:00:00","No Connection Recorded","No Recorded Connection","-","REACTIVATION - Dormant Student Win-Back","0"
"3398","62432536","EGSS-samira01","ME-EGSS05","MEKSA-EGSS01","到期","Exp Non-0","0","9","0 Classes (Dormant)","1970-01-01 00:00:00","No Connection Recorded","No Recorded Connection","-","REACTIVATION - Dormant Student Win-Back","0"
"3406","62962211","EGSS-samira01","ME-EGSS05","MEKSA-EGSS01","到期","Exp 0-cr","0","0","0 Classes (Dormant)","1970-01-01 00:00:00","No Connection Recorded","No Recorded Connection","-","REACTIVATION - Dormant Student Win-Back","0"
"3423","62505997","EGSS-samira01","ME-EGSS05","MEKSA-EGSS01","首单到期","FOE 0-cr","0","0","0 Classes (Dormant)","1970-01-01 00:00:00","No Connection Recorded","No Recorded Connection","-","REACTIVATION - Dormant Student Win-Back","0"
"3439","60978984","EGSS-samira01","ME-EGSS05","MEKSA-EGSS01","首单到期","FOE 0-cr","0","0","0 Classes (Dormant)","1970-01-01 00:00:00","No Connection Recorded","No Recorded Connection","-","REACTIVATION - Dormant Student Win-Back","0"
"3441","62962305","EGSS-samira01","ME-EGSS05","MEKSA-EGSS01","到期","Exp Non-0","0","0","0 Classes (Dormant)","1970-01-01 00:00:00","No Connection Recorded","No Recorded Connection","-","REACTIVATION - Dormant Student Win-Back","0"
"3456","62396463","EGSS-samira01","ME-EGSS05","MEKSA-EGSS01","首单到期","FOE 0-cr","0","0","0 Classes (Dormant)","1970-01-01 00:00:00","No Connection Recorded","No Recorded Connection","-","REACTIVATION - Dormant Student Win-Back","0"
"3463","61052542","EGSS-samira01","ME-EGSS05","MEKSA-EGSS01","首单到期","FOE 0-cr","0","0","0 Classes (Dormant)","1970-01-01 00:00:00","No Connection Recorded","No Recorded Connection","-","REACTIVATION - Dormant Student Win-Back","0"
"3467","62403384","EGSS-samira01","ME-EGSS05","MEKSA-EGSS01","首单到期","FOE 0-cr","0","0","0 Classes (Dormant)","1970-01-01 00:00:00","No Connection Recorded","No Recorded Connection","-","REACTIVATION - Dormant Student Win-Back","0"
"3492","61052395","EGSS-samira01","ME-EGSS05","MEKSA-EGSS01","首单到期","FOE 0-cr","0","0","0 Classes (Dormant)","1970-01-01 00:00:00","No Connection Recorded","No Recorded Connection","-","REACTIVATION - Dormant Student Win-Back","0"
"3509","62827906","EGSS-samira01","ME-EGSS05","MEKSA-EGSS01","到期","Exp 0-cr","0","0","0 Classes (Dormant)","1970-01-01 00:00:00","No Connection Recorded","No Recorded Connection","-","REACTIVATION - Dormant Student Win-Back","0"
"3525","61773065","EGSS-samira01","ME-EGSS05","MEKSA-EGSS01","首单到期","FOE 0-cr","0","0","0 Classes (Dormant)","1970-01-01 00:00:00","No Connection Recorded","No Recorded Connection","-","REACTIVATION - Dormant Student Win-Back","0"
"3528","61755465","EGSS-samira01","ME-EGSS05","MEKSA-EGSS01","到期","Exp 0-cr","0","0","0 Classes (Dormant)","1970-01-01 00:00:00","No Connection Recorded","No Recorded Connection","-","REACTIVATION - Dormant Student Win-Back","0"
"3534","62541452","EGSS-samira01","ME-EGSS05","MEKSA-EGSS01","首单到期","FOE 0-cr","0","0","0 Classes (Dormant)","1970-01-01 00:00:00","No Connection Recorded","No Recorded Connection","-","REACTIVATION - Dormant Student Win-Back","0"
"3548","61821368","EGSS-samira01","ME-EGSS05","MEKSA-EGSS01","到期","Exp 0-cr","0","0","0 Classes (Dormant)","1970-01-01 00:00:00","No Connection Recorded","No Recorded Connection","-","REACTIVATION - Dormant Student Win-Back","0"
"3571","61893080","EGSS-samira01","ME-EGSS05","MEKSA-EGSS01","围场外","outside pool","0","0","0 Classes (Dormant)","1970-01-01 00:00:00","No Connection Recorded","No Recorded Connection","-","REACTIVATION - Dormant Student Win-Back","0"
"3578","61828313","EGSS-samira01","ME-EGSS05","MEKSA-EGSS01","首单到期","FOE 0-cr","0","0","0 Classes (Dormant)","1970-01-01 00:00:00","No Connection Recorded","No Recorded Connection","-","REACTIVATION - Dormant Student Win-Back","0"
"3588","61959581","EGSS-samira01","ME-EGSS05","MEKSA-EGSS01","首单到期","FOE 0-cr","0","0","0 Classes (Dormant)","1970-01-01 00:00:00","No Connection Recorded","No Recorded Connection","-","REACTIVATION - Dormant Student Win-Back","0"
"3600","61842021","EGSS-samira01","ME-EGSS05","MEKSA-EGSS01","首单到期","FOE 0-cr","0","0","0 Classes (Dormant)","1970-01-01 00:00:00","No Connection Recorded","No Recorded Connection","-","REACTIVATION - Dormant Student Win-Back","0"
"3608","61412618","EGSS-samira01","ME-EGSS05","MEKSA-EGSS01","到期","Exp 0-cr","0","0","0 Classes (Dormant)","1970-01-01 00:00:00","No Connection Recorded","No Recorded Connection","-","REACTIVATION - Dormant Student Win-Back","0"
"3610","62256213","EGSS-samira01","ME-EGSS05","MEKSA-EGSS01","到期","Exp 0-cr","0","0","0 Classes (Dormant)","1970-01-01 00:00:00","No Connection Recorded","No Recorded Connection","-","REACTIVATION - Dormant Student Win-Back","0"
"3621","61501321","EGSS-samira01","ME-EGSS05","MEKSA-EGSS01","首单到期","FOE Non-0","0","0","0 Classes (Dormant)","1970-01-01 00:00:00","No Connection Recorded","No Recorded Connection","-","REACTIVATION - Dormant Student Win-Back","0"
"3627","62254758","EGSS-samira01","ME-EGSS05","MEKSA-EGSS01","到期","Exp 0-cr","0","0","0 Classes (Dormant)","1970-01-01 00:00:00","No Connection Recorded","No Recorded Connection","-","REACTIVATION - Dormant Student Win-Back","0"
"3631","62265886","EGSS-samira01","ME-EGSS05","MEKSA-EGSS01","到期","Exp Non-0","0","0","0 Classes (Dormant)","1970-01-01 00:00:00","No Connection Recorded","No Recorded Connection","-","REACTIVATION - Dormant Student Win-Back","0"
"3660","62540030","EGSS-samira01","ME-EGSS05","MEKSA-EGSS01","首单到期","FOE Non-0","0","0","0 Classes (Dormant)","1970-01-01 00:00:00","No Connection Recorded","No Recorded Connection","-","REACTIVATION - Dormant Student Win-Back","0"
"3664","62094645","EGSS-samira01","ME-EGSS05","MEKSA-EGSS01","首单到期","FOE Non-0","0","0","0 Classes (Dormant)","1970-01-01 00:00:00","No Connection Recorded","No Recorded Connection","-","REACTIVATION - Dormant Student Win-Back","0"
"3673","61747952","EGSS-samira01","ME-EGSS05","MEKSA-EGSS01","首单到期","FOE Non-0","0","0","0 Classes (Dormant)","1970-01-01 00:00:00","No Connection Recorded","No Recorded Connection","-","REACTIVATION - Dormant Student Win-Back","0"
"3681","61662534","EGSS-samira01","ME-EGSS05","MEKSA-EGSS01","首单到期","FOE 0-cr","0","0","0 Classes (Dormant)","1970-01-01 00:00:00","No Connection Recorded","No Recorded Connection","-","REACTIVATION - Dormant Student Win-Back","0"
"3695","61512675","EGSS-samira01","ME-EGSS05","MEKSA-EGSS01","首单到期","FOE 0-cr","0","0","0 Classes (Dormant)","1970-01-01 00:00:00","No Connection Recorded","No Recorded Connection","-","REACTIVATION - Dormant Student Win-Back","0"
"3698","61628567","EGSS-samira01","ME-EGSS05","MEKSA-EGSS01","到期","Exp Non-0","0","0","0 Classes (Dormant)","1970-01-01 00:00:00","No Connection Recorded","No Recorded Connection","-","REACTIVATION - Dormant Student Win-Back","0"
"3706","61620177","EGSS-samira01","ME-EGSS05","MEKSA-EGSS01","首单到期","FOE Non-0","0","0","0 Classes (Dormant)","1970-01-01 00:00:00","No Connection Recorded","No Recorded Connection","-","REACTIVATION - Dormant Student Win-Back","0"
"3709","62544533","EGSS-samira01","ME-EGSS05","MEKSA-EGSS01","围场外","outside pool","0","0","0 Classes (Dormant)","1970-01-01 00:00:00","No Connection Recorded","No Recorded Connection","-","REACTIVATION - Dormant Student Win-Back","0"
"3743","59415103","EGSS-samira01","ME-EGSS05","MEKSA-EGSS01","首单到期","FOE Non-0","0","0","0 Classes (Dormant)","1970-01-01 00:00:00","No Connection Recorded","No Recorded Connection","-","REACTIVATION - Dormant Student Win-Back","0"
"3796","58653943","EGSS-samira01","ME-EGSS05","MEKSA-EGSS01","到期","Exp Non-0","0","0","0 Classes (Dormant)","1970-01-01 00:00:00","No Connection Recorded","No Recorded Connection","-","REACTIVATION - Dormant Student Win-Back","0"
"3811","62701385","EGSS-samira01","ME-EGSS05","MEKSA-EGSS01","到期","Exp Non-0","0","0","0 Classes (Dormant)","1970-01-01 00:00:00","No Connection Recorded","No Recorded Connection","-","REACTIVATION - Dormant Student Win-Back","0"
"3824","59944975","EGSS-samira01","ME-EGSS05","MEKSA-EGSS01","首单到期","FOE Non-0","0","0","0 Classes (Dormant)","1970-01-01 00:00:00","No Connection Recorded","No Recorded Connection","-","REACTIVATION - Dormant Student Win-Back","0"
"3894","58153999","EGSS-samira01","ME-EGSS05","MEKSA-EGSS01","首单到期","FOE Non-0","0","0","0 Classes (Dormant)","1970-01-01 00:00:00","No Connection Recorded","No Recorded Connection","-","REACTIVATION - Dormant Student Win-Back","0"
"3895","58608485","EGSS-samira01","ME-EGSS05","MEKSA-EGSS01","到期","Exp 0-cr","0","0","0 Classes (Dormant)","1970-01-01 00:00:00","No Connection Recorded","No Recorded Connection","-","REACTIVATION - Dormant Student Win-Back","0"
"3896","58605582","EGSS-samira01","ME-EGSS05","MEKSA-EGSS01","到期","Exp Non-0","0","0","0 Classes (Dormant)","1970-01-01 00:00:00","No Connection Recorded","No Recorded Connection","-","REACTIVATION - Dormant Student Win-Back","0"
"3898","58617882","EGSS-samira01","ME-EGSS05","MEKSA-EGSS01","首单到期","FOE Non-0","0","0","0 Classes (Dormant)","1970-01-01 00:00:00","No Connection Recorded","No Recorded Connection","-","REACTIVATION - Dormant Student Win-Back","0"
"3916","58778166","EGSS-samira01","ME-EGSS05","MEKSA-EGSS01","围场外","outside pool","0","0","0 Classes (Dormant)","1970-01-01 00:00:00","No Connection Recorded","No Recorded Connection","-","REACTIVATION - Dormant Student Win-Back","0"
"3917","58789375","EGSS-samira01","ME-EGSS05","MEKSA-EGSS01","到期","Exp Non-0","0","14","0 Classes (Dormant)","1970-01-01 00:00:00","No Connection Recorded","No Recorded Connection","-","REACTIVATION - Dormant Student Win-Back","0"
"3930","62780515","EGSS-samira01","ME-EGSS05","MEKSA-EGSS01","到期","Exp Non-0","0","9","0 Classes (Dormant)","1970-01-01 00:00:00","No Connection Recorded","No Recorded Connection","-","REACTIVATION - Dormant Student Win-Back","0"
"3963","62779575","EGSS-samira01","ME-EGSS05","MEKSA-EGSS01","首单到期","FOE Non-0","0","6","0 Classes (Dormant)","1970-01-01 00:00:00","No Connection Recorded","No Recorded Connection","-","REACTIVATION - Dormant Student Win-Back","0"
"3996","60820941","EGSS-samira01","ME-EGSS05","MEKSA-EGSS01","首单到期","FOE 0-cr","0","0","0 Classes (Dormant)","1970-01-01 00:00:00","No Connection Recorded","No Recorded Connection","-","REACTIVATION - Dormant Student Win-Back","0"
"4011","62683071","EGSS-samira01","ME-EGSS05","MEKSA-EGSS01","到期","Exp Non-0","0","0","0 Classes (Dormant)","1970-01-01 00:00:00","No Connection Recorded","No Recorded Connection","-","REACTIVATION - Dormant Student Win-Back","0"
"4039","60820942","EGSS-samira01","ME-EGSS05","MEKSA-EGSS01","首单到期","FOE 0-cr","0","0","0 Classes (Dormant)","1970-01-01 00:00:00","No Connection Recorded","No Recorded Connection","-","REACTIVATION - Dormant Student Win-Back","0"
"4042","60517230","EGSS-samira01","ME-EGSS05","MEKSA-EGSS01","首单到期","FOE 0-cr","0","0","0 Classes (Dormant)","1970-01-01 00:00:00","No Connection Recorded","No Recorded Connection","-","REACTIVATION - Dormant Student Win-Back","0"
"4094","60562909","EGSS-samira01","ME-EGSS05","MEKSA-EGSS01","到期","Exp Non-0","0","0","0 Classes (Dormant)","1970-01-01 00:00:00","No Connection Recorded","No Recorded Connection","-","REACTIVATION - Dormant Student Win-Back","0"
"4122","60928200","EGSS-samira01","ME-EGSS05","MEKSA-EGSS01","围场外","outside pool","0","0","0 Classes (Dormant)","1970-01-01 00:00:00","No Connection Recorded","No Recorded Connection","-","REACTIVATION - Dormant Student Win-Back","0"
"4128","62728395","EGSS-samira01","ME-EGSS05","MEKSA-EGSS01","首单到期","FOE Non-0","0","9","0 Classes (Dormant)","1970-01-01 00:00:00","No Connection Recorded","No Recorded Connection","-","REACTIVATION - Dormant Student Win-Back","0"
"4151","60932503","EGSS-samira01","ME-EGSS05","MEKSA-EGSS01","围场外","outside pool","0","0","0 Classes (Dormant)","1970-01-01 00:00:00","No Connection Recorded","No Recorded Connection","-","REACTIVATION - Dormant Student Win-Back","0"
"4185","60894162","EGSS-samira01","ME-EGSS05","MEKSA-EGSS01","到期","Exp 0-cr","0","0","0 Classes (Dormant)","1970-01-01 00:00:00","No Connection Recorded","No Recorded Connection","-","REACTIVATION - Dormant Student Win-Back","0"
"4216","59372122","EGSS-samira01","ME-EGSS05","MEKSA-EGSS01","到期","Exp Non-0","0","10","0 Classes (Dormant)","2025-01-27 00:00:00","2025-01-27 00:00:00","Last 1v1 Payment","20250127","REACTIVATION - Dormant Student Win-Back","0"
"4237","59255040","EGSS-samira01","ME-EGSS05","MEKSA-EGSS01","围场外","outside pool","0","0","0 Classes (Dormant)","2025-04-27 00:00:00","2025-04-27 00:00:00","Last 1v1 Payment","20250427","REACTIVATION - Dormant Student Win-Back","0"
"4258","60140692","EGSS-samira01","ME-EGSS05","MEKSA-EGSS01","到期","Exp 0-cr","0","0","0 Classes (Dormant)","2025-06-27 00:00:00","2025-06-27 00:00:00","Last 1v1 Payment","20250627","REACTIVATION - Dormant Student Win-Back","0"
"4263","59864982","EGSS-samira01","ME-EGSS05","MEKSA-EGSS01","到期","Exp 0-cr","0","0","0 Classes (Dormant)","2025-06-29 00:00:00","2025-06-29 00:00:00","Last 1v1 Payment","20250629","REACTIVATION - Dormant Student Win-Back","0"
"4293","60513218","EGSS-samira01","ME-EGSS05","MEKSA-EGSS01","到期","Exp Non-0","0","0","0 Classes (Dormant)","2025-08-20 00:00:00","2025-08-20 00:00:00","Last 1v1 Payment","20250820","REACTIVATION - Dormant Student Win-Back","0"
"4312","59818242","EGSS-samira01","ME-EGSS05","MEKSA-EGSS01","到期","Exp 0-cr","0","0","0 Classes (Dormant)","2025-09-15 00:00:00","2025-09-15 00:00:00","Last 1v1 Payment","20250915","REACTIVATION - Dormant Student Win-Back","0"
"4353","60811494","EGSS-samira01","ME-EGSS05","MEKSA-EGSS01","到期","Exp Non-0","0","0","0 Classes (Dormant)","2025-10-15 00:00:00","2025-10-15 00:00:00","Last 1v1 Payment","20251015","REACTIVATION - Dormant Student Win-Back","0"
"4357","60724424","EGSS-samira01","ME-EGSS05","MEKSA-EGSS01","到期","Exp Non-0","0","0","0 Classes (Dormant)","2025-10-16 00:00:00","2025-10-16 00:00:00","Last 1v1 Payment","20251016","REACTIVATION - Dormant Student Win-Back","0"
"4431","58823360","EGSS-samira01","ME-EGSS05","MEKSA-EGSS01","到期","Exp 0-cr","0","0","0 Classes (Dormant)","2025-12-10 00:00:00","2025-12-10 00:00:00","Last 1v1 Payment","20251210","REACTIVATION - Dormant Student Win-Back","0"
"4441","58945859","EGSS-samira01","ME-EGSS05","MEKSA-EGSS01","到期","Exp Non-0","0","0","0 Classes (Dormant)","2025-12-18 00:00:00","2025-12-18 00:00:00","Last 1v1 Payment","20251218","REACTIVATION - Dormant Student Win-Back","0"
"4442","58949231","EGSS-samira01","ME-EGSS05","MEKSA-EGSS01","到期","Exp 0-cr","0","0","0 Classes (Dormant)","2025-12-18 00:00:00","2025-12-18 00:00:00","Last 1v1 Payment","20251218","REACTIVATION - Dormant Student Win-Back","0"
"4460","58831441","EGSS-samira01","ME-EGSS05","MEKSA-EGSS01","到期","Exp Non-0","0","0","0 Classes (Dormant)","2025-12-28 00:00:00","2025-12-28 00:00:00","Last 1v1 Payment","20251228","REACTIVATION - Dormant Student Win-Back","0"
"4465","58970938","EGSS-samira01","ME-EGSS05","MEKSA-EGSS01","到期","Exp Non-0","0","0","0 Classes (Dormant)","2025-12-30 00:00:00","2025-12-30 00:00:00","Last 1v1 Payment","20251230","REACTIVATION - Dormant Student Win-Back","0"
"4471","60968948","EGSS-samira01","ME-EGSS05","MEKSA-EGSS01","到期","Exp Non-0","0","0","0 Classes (Dormant)","2025-12-31 00:00:00","2025-12-31 00:00:00","Last 1v1 Payment","20251231","REACTIVATION - Dormant Student Win-Back","0"
"4514","60908625","EGSS-samira01","ME-EGSS05","MEKSA-EGSS01","到期","Exp Non-0","0","9","0 Classes (Dormant)","2026-01-28 00:00:00","2026-01-28 00:00:00","Last 1v1 Payment","20260128","REACTIVATION - Dormant Student Win-Back","0"
"4522","60605437","EGSS-samira01","ME-EGSS05","MEKSA-EGSS01","到期","Exp Non-0","0","0","0 Classes (Dormant)","2026-02-01 00:00:00","2026-02-01 00:00:00","Last 1v1 Payment","20260201","REACTIVATION - Dormant Student Win-Back","0"
"4534","61261500","EGSS-samira01","ME-EGSS05","MEKSA-EGSS01","到期","Exp 0-cr","0","0","0 Classes (Dormant)","2026-02-11 00:00:00","2026-02-11 00:00:00","Last 1v1 Payment","20260211","REACTIVATION - Dormant Student Win-Back","0"
"4637","60536386","EGSS-samira01","ME-EGSS05","MEKSA-EGSS01","到期","Exp 0-cr","0","0","0 Classes (Dormant)","2026-06-15 00:00:00","2026-06-15 00:00:00","Last 1v1 Payment","20260615","REACTIVATION - Dormant Student Win-Back","0"
"4682","63632861","EGSS-samira01","ME-EGSS05","MEKSA-EGSS01","到期","Exp Non-0","0","12","0 Classes (Dormant)","2026-07-21 00:00:00","2026-07-21 00:00:00","CRM System Outreach","-","REACTIVATION - Dormant Student Win-Back","0"
"4777","58313206","EGSS-samira01","ME-EGSS05","MEKSA-EGSS01","围场外","outside pool","0","0","0 Classes (Dormant)","2026-09-27 00:00:00","2026-09-27 00:00:00","Last 1v1 Payment","20260927","REACTIVATION - Dormant Student Win-Back","0"
"4803","58657392","EGSS-samira01","ME-EGSS05","MEKSA-EGSS01","围场外","outside pool","0","0","0 Classes (Dormant)","2026-10-03 13:28:50","2026-10-03 13:28:50","SOP Completed Touch","20260927","REACTIVATION - Dormant Student Win-Back","0"
"4804","58237522","EGSS-samira01","ME-EGSS05","MEKSA-EGSS01","期间","period","0","0","0 Classes (Dormant)","2026-10-03 13:39:52","2026-10-03 13:39:52","SOP Completed Touch","-","REACTIVATION - Dormant Student Win-Back","0"
"4806","63135227","EGSS-samira01","ME-EGSS05","MEKSA-EGSS01","期间","period","0","0","0 Classes (Dormant)","2026-10-03 14:25:35","2026-10-03 14:25:35","SOP Completed Touch","-","REACTIVATION - Dormant Student Win-Back","0"
"5068","63088549","EGSS-samira01","ME-EGSS05","MEKSA-EGSS01","到期","Exp Non-0","0","10","0 Classes (Dormant)","2026-10-07 12:58:35","2026-10-07 12:58:35","SOP Completed Touch","-","REACTIVATION - Dormant Student Win-Back","0"
"5069","64131603","EGSS-samira01","ME-EGSS05","MEKSA-EGSS01","围场外","outside pool","0","11","0 Classes (Dormant)","2026-10-07 13:05:00","2026-10-07 13:05:00","SOP Completed Touch","-","REACTIVATION - Dormant Student Win-Back","0"
"5085","63556297","EGSS-samira01","ME-EGSS05","MEKSA-EGSS01","围场外","outside pool","0","13","0 Classes (Dormant)","2026-10-07 13:44:56","2026-10-07 13:44:56","SOP Completed Touch","-","REACTIVATION - Dormant Student Win-Back","0"
"5086","63569328","EGSS-samira01","ME-EGSS05","MEKSA-EGSS01","围场外","outside pool","0","6","0 Classes (Dormant)","2026-10-07 13:45:01","2026-10-07 13:45:01","SOP Completed Touch","-","REACTIVATION - Dormant Student Win-Back","0"
"5089","58357780","EGSS-samira01","ME-EGSS05","MEKSA-EGSS01","围场外","outside pool","0","0","0 Classes (Dormant)","2026-10-07 13:51:06","2026-10-07 13:51:06","SOP Completed Touch","-","REACTIVATION - Dormant Student Win-Back","0"
"5091","59008620","EGSS-samira01","ME-EGSS05","MEKSA-EGSS01","围场外","outside pool","0","9","0 Classes (Dormant)","2026-10-07 13:52:17","2026-10-07 13:52:17","SOP Completed Touch","20260418","REACTIVATION - Dormant Student Win-Back","0"
"5092","61572545","EGSS-samira01","ME-EGSS05","MEKSA-EGSS01","围场外","outside pool","0","9","0 Classes (Dormant)","2026-10-07 13:53:28","2026-10-07 13:53:28","SOP Completed Touch","20251124","REACTIVATION - Dormant Student Win-Back","0"
"5093","61705238","EGSS-samira01","ME-EGSS05","MEKSA-EGSS01","围场外","outside pool","0","8","0 Classes (Dormant)","2026-10-07 13:53:39","2026-10-07 13:53:39","SOP Completed Touch","20260128","REACTIVATION - Dormant Student Win-Back","0"
"5094","62344308","EGSS-samira01","ME-EGSS05","MEKSA-EGSS01","围场外","outside pool","0","9","0 Classes (Dormant)","2026-10-07 13:53:54","2026-10-07 13:53:54","SOP Completed Touch","-","REACTIVATION - Dormant Student Win-Back","0"
"5096","63709880","EGSS-samira01","ME-EGSS05","MEKSA-EGSS01","围场外","outside pool","0","0","0 Classes (Dormant)","2026-10-07 13:54:59","2026-10-07 13:54:59","SOP Completed Touch","-","REACTIVATION - Dormant Student Win-Back","0"
"5097","59007564","EGSS-samira01","ME-EGSS05","MEKSA-EGSS01","围场外","outside pool","0","1","0 Classes (Dormant)","2026-10-07 13:55:22","2026-10-07 13:55:22","SOP Completed Touch","20260628","REACTIVATION - Dormant Student Win-Back","0"
"5098","59276259","EGSS-samira01","ME-EGSS05","MEKSA-EGSS01","围场外","outside pool","0","8","0 Classes (Dormant)","2026-10-07 13:57:03","2026-10-07 13:57:03","SOP Completed Touch","-","REACTIVATION - Dormant Student Win-Back","0"
"5100","60320488","EGSS-samira01","ME-EGSS05","MEKSA-EGSS01","到期","Exp Non-0","0","0","0 Classes (Dormant)","2026-10-07 14:01:56","2026-10-07 14:01:56","SOP Completed Touch","20250715","REACTIVATION - Dormant Student Win-Back","0"
"5102","60485185","EGSS-samira01","ME-EGSS05","MEKSA-EGSS01","围场外","outside pool","0","0","0 Classes (Dormant)","2026-10-07 14:02:59","2026-10-07 14:02:59","SOP Completed Touch","20260330","REACTIVATION - Dormant Student Win-Back","0"
"5103","60553880","EGSS-samira01","ME-EGSS05","MEKSA-EGSS01","围场外","outside pool","0","0","0 Classes (Dormant)","2026-10-07 14:03:42","2026-10-07 14:03:42","SOP Completed Touch","20260615","REACTIVATION - Dormant Student Win-Back","0"
"5104","61051814","EGSS-samira01","ME-EGSS05","MEKSA-EGSS01","围场外","outside pool","0","6","0 Classes (Dormant)","2026-10-07 14:06:00","2026-10-07 14:06:00","SOP Completed Touch","20260722","REACTIVATION - Dormant Student Win-Back","0"
"5106","61062149","EGSS-samira01","ME-EGSS05","MEKSA-EGSS01","围场外","outside pool","0","0","0 Classes (Dormant)","2026-10-07 14:07:43","2026-10-07 14:07:43","SOP Completed Touch","20251123","REACTIVATION - Dormant Student Win-Back","0"
"5107","61667351","EGSS-samira01","ME-EGSS05","MEKSA-EGSS01","围场外","outside pool","0","0","0 Classes (Dormant)","2026-10-07 14:09:04","2026-10-07 14:09:04","SOP Completed Touch","-","REACTIVATION - Dormant Student Win-Back","0"
"5109","62132899","EGSS-samira01","ME-EGSS05","MEKSA-EGSS01","到期","Exp Non-0","0","0","0 Classes (Dormant)","2026-10-07 14:11:15","2026-10-07 14:11:15","SOP Completed Touch","-","REACTIVATION - Dormant Student Win-Back","0"
"5112","62392199","EGSS-samira01","ME-EGSS05","MEKSA-EGSS01","到期","Exp Non-0","0","0","0 Classes (Dormant)","2026-10-07 14:12:22","2026-10-07 14:12:22","SOP Completed Touch","-","REACTIVATION - Dormant Student Win-Back","0"
"5114","62491936","EGSS-samira01","ME-EGSS05","MEKSA-EGSS01","首单到期","FOE Non-0","0","0","0 Classes (Dormant)","2026-10-07 14:15:23","2026-10-07 14:15:23","SOP Completed Touch","-","REACTIVATION - Dormant Student Win-Back","0"
"5115","62779414","EGSS-samira01","ME-EGSS05","MEKSA-EGSS01","围场外","outside pool","0","0","0 Classes (Dormant)","2026-10-07 14:18:07","2026-10-07 14:18:07","SOP Completed Touch","20260606","REACTIVATION - Dormant Student Win-Back","0"
"5116","62790876","EGSS-samira01","ME-EGSS05","MEKSA-EGSS01","围场外","outside pool","0","0","0 Classes (Dormant)","2026-10-07 14:19:32","2026-10-07 14:19:32","SOP Completed Touch","-","REACTIVATION - Dormant Student Win-Back","0"
"5122","62815934","EGSS-samira01","ME-EGSS05","MEKSA-EGSS01","围场外","outside pool","0","8","0 Classes (Dormant)","2026-10-07 14:28:04","2026-10-07 14:28:04","SOP Completed Touch","-","REACTIVATION - Dormant Student Win-Back","0"
"5124","62817886","EGSS-samira01","ME-EGSS05","MEKSA-EGSS01","围场外","outside pool","0","0","0 Classes (Dormant)","2026-10-07 14:29:07","2026-10-07 14:29:07","SOP Completed Touch","-","REACTIVATION - Dormant Student Win-Back","0"
"5127","62832996","EGSS-samira01","ME-EGSS05","MEKSA-EGSS01","围场外","outside pool","0","0","0 Classes (Dormant)","2026-10-07 14:35:21","2026-10-07 14:35:21","SOP Completed Touch","20260917","REACTIVATION - Dormant Student Win-Back","0"
"5135","63059479","EGSS-samira01","ME-EGSS05","MEKSA-EGSS01","围场外","outside pool","0","0","0 Classes (Dormant)","2026-10-07 14:42:50","2026-10-07 14:42:50","SOP Completed Touch","-","REACTIVATION - Dormant Student Win-Back","0"
"5136","63059476","EGSS-samira01","ME-EGSS05","MEKSA-EGSS01","围场外","outside pool","0","0","0 Classes (Dormant)","2026-10-07 14:43:05","2026-10-07 14:43:05","SOP Completed Touch","-","REACTIVATION - Dormant Student Win-Back","0"
"5137","63534996","EGSS-samira01","ME-EGSS05","MEKSA-EGSS01","围场外","outside pool","0","11","0 Classes (Dormant)","2026-10-07 14:43:12","2026-10-07 14:43:12","SOP Completed Touch","-","REACTIVATION - Dormant Student Win-Back","0"
"5138","63640909","EGSS-samira01","ME-EGSS05","MEKSA-EGSS01","围场外","outside pool","0","0","0 Classes (Dormant)","2026-10-07 14:45:44","2026-10-07 14:45:44","SOP Completed Touch","-","REACTIVATION - Dormant Student Win-Back","0"
"5141","60309816","EGSS-samira01","ME-EGSS05","MEKSA-EGSS01","围场外","outside pool","0","0","0 Classes (Dormant)","2026-10-07 15:07:08","2026-10-07 15:07:08","SOP Completed Touch","20260830","REACTIVATION - Dormant Student Win-Back","0"
"5142","60005233","EGSS-samira01","ME-EGSS05","MEKSA-EGSS01","围场外","outside pool","0","0","0 Classes (Dormant)","2026-10-07 15:16:33","2026-10-07 15:16:33","SOP Completed Touch","20260503","REACTIVATION - Dormant Student Win-Back","0"
"5161","58709724","EGSS-samira01","ME-EGSS05","MEKSA-EGSS01","围场外","outside pool","0","0","0 Classes (Dormant)","2026-10-07 16:21:59","2026-10-07 16:21:59","SOP Completed Touch","-","REACTIVATION - Dormant Student Win-Back","0"
"5171","59522660","EGSS-samira01","ME-EGSS05","MEKSA-EGSS01","到期","Exp Non-0","0","0","0 Classes (Dormant)","2026-10-07 16:45:21","2026-10-07 16:45:21","SOP Completed Touch","20250725","REACTIVATION - Dormant Student Win-Back","0"
