StudentID,Representative,TeamCode,UpgradeM2,Status
"57785962","EGSS-ahmedshoukry","ME-EGSS10",0,"Pending Target"
"57940321","EGSS-ahmedshoukry","ME-EGSS10",0,"Pending Target"
"58355382","EGSS-ahmedshoukry","ME-EGSS10",0,"Pending Target"
"58872051","EGSS-ahmedshoukry","ME-EGSS10",0,"Pending Target"
"60717792","EGSS-ahmedshoukry","ME-EGSS10",0,"Pending Target"
"60855362","EGSS-ahmedshoukry","ME-EGSS10",0,"Pending Target"
"61664150","EGSS-ahmedshoukry","ME-EGSS10",0,"Pending Target"
"61762805","EGSS-ahmedshoukry","ME-EGSS10",0,"Pending Target"
"61899245","EGSS-ahmedshoukry","ME-EGSS10",0,"Pending Target"
"61911772","EGSS-ahmedshoukry","ME-EGSS10",0,"Pending Target"
"62540593","EGSS-ahmedshoukry","ME-EGSS10",0,"Pending Target"
"63056829","EGSS-ahmedshoukry","ME-EGSS10",0,"Pending Target"
"63946511","EGSS-ahmedshoukry","ME-EGSS10",0,"Pending Target"
"63946512","EGSS-ahmedshoukry","ME-EGSS10",0,"Pending Target"
"63965181","EGSS-ahmedshoukry","ME-EGSS10",0,"Pending Target"
"63971790","EGSS-ahmedshoukry","ME-EGSS10",0,"Pending Target"
"63975618","EGSS-ahmedshoukry","ME-EGSS10",0,"Pending Target"
"63977600","EGSS-ahmedshoukry","ME-EGSS10",0,"Pending Target"
"63977923","EGSS-ahmedshoukry","ME-EGSS10",0,"Pending Target"
"63997745","EGSS-ahmedshoukry","ME-EGSS10",0,"Pending Target"
"64005686","EGSS-ahmedshoukry","ME-EGSS10",0,"Pending Target"
"64015511","EGSS-ahmedshoukry","ME-EGSS10",0,"Pending Target"
"64015512","EGSS-ahmedshoukry","ME-EGSS10",0,"Pending Target"
"64031289","EGSS-ahmedshoukry","ME-EGSS10",0,"Pending Target"
"64062200","EGSS-ahmedshoukry","ME-EGSS10",0,"Pending Target"
"64062532","EGSS-ahmedshoukry","ME-EGSS10",0,"Pending Target"
"64063477","EGSS-ahmedshoukry","ME-EGSS10",0,"Pending Target"
"64077352","EGSS-ahmedshoukry","ME-EGSS10",0,"Pending Target"
"64102114","EGSS-ahmedshoukry","ME-EGSS10",0,"Pending Target"
"64102669","EGSS-ahmedshoukry","ME-EGSS10",0,"Pending Target"
"64141621","EGSS-ahmedshoukry","ME-EGSS10",0,"Pending Target"
"64141651","EGSS-ahmedshoukry","ME-EGSS10",0,"Pending Target"
"64175400","EGSS-ahmedshoukry","ME-EGSS10",0,"Pending Target"
"64175909","EGSS-ahmedshoukry","ME-EGSS10",0,"Pending Target"